,Max_Index,Max_Value
Alpha_o_7DAYMADRS_corr,16871,0.7220465270289117
Alpha_s_7DAYMADRS_corr,12835,0.6993836388894504
Beta_o_7DAYMADRS_corr,7985,0.6705170428396503
Beta_s_7DAYMADRS_corr,22779,0.7029588529986115
Gamma_o_7DAYMADRS_corr,17744,0.5914759534315485
Gamma_s_7DAYMADRS_corr,3266,0.6212632851452765
Theta_o_7DAYMADRS_corr,13464,0.7016814636201055
Theta_s_7DAYMADRS_corr,3408,0.6871229759648423
